<?xml version="1.0" encoding="utf-8" standalone="yes" ?>
<Window size="510,340" caption="40,0,0,40" roundcorner="5,5" >
  <!--0--> <Font name="微软雅黑" size="18" bold="false" italic="false" />
  <!--1--> <Font name="微软雅黑" size="14" bold="false" italic="false" />
  <!--2--> <Font name="微软雅黑" size="12" bold="false" italic="false" default="true"/>  
  <!--3--> <Font name="微软雅黑" size="16" bold="false" italic="false" /> 

    <Include source="scrollbar.xml" />
  
   <Default name="CheckBox" value="textpadding=&quot;21,3,0,0&quot; align=&quot;left&quot; normalimage=&quot;file=&apos;imagelist.checkbox.png&apos; source=&apos;0,0,19,19&apos;&quot; hotimage=&quot;file=&apos;imagelist.checkbox.png&apos; source=&apos;20,0,39,19&apos;&quot; selectedimage=&quot;file=&apos;imagelist.checkbox.png&apos; source=&apos;60,0,79,19&apos;&quot; disabledimage=&quot;file=&apos;imagelist.checkbox.png&apos; source=&apos;40,0,59,19&apos;&quot; " />
 

    <VerticalLayout bkcolor="#FFFFFFFF">
		
		<HorizontalLayout bkimage="标题.png" height="30">
			<Control width="12" />
			<Control bkimage="file='托盘logo.png' dest='0,3,24,27'" width="24" />
			<Control width="10" />
			<Label text="守密者" textcolor="#FFFFFFFF" font="1" />
			<Button name="btn_Cancel" width="16" normalimage="file='关闭.png' source='0,0,16,16' dest='0,7,16,23'" hotimage="file='关闭.png' source='32,0,48,16' dest='0,7,16,23'" />
		<Control width="20" />
		</HorizontalLayout>	
		
		<Label text="请选择复制或移动到的文件夹:" height="20" textpadding="15,0,0,0" font="1" textcolor="#FF000000" />
		
		<HorizontalLayout height="240" inset="15,5,15,0" bkcolor="#FFFFFFFF"  >
			<TreeView  name="tree_file" bordersize="1" bordercolor="#ffc4cbd1" itemfont="6" itemselectedbkcolor="#FFCBDDFF" itemhotbkcolor="#FFCBDDFF" childpadding="2" visiblecheckbtn="true" vscrollbar="true" hscrollbar="true">
				<TreeNode text="所有文件" name="computer" itemattr="textpadding=&quot;2,0,0,0&quot; font=&quot;6&quot;" folderattr="padding=&quot;0,5,0,5&quot; width=&quot;7&quot; height=&quot;9&quot; normalimage=&quot;file=&apos;open.png&apos;&quot; hotimage=&quot;file=&apos;openHover.png&apos;&quot; selectedimage=&quot;file=&apos;close.png&apos;&quot; selectedhotimage=&quot;file=&apos;close.png&apos;&quot; " checkboxattr="width=&quot;19&quot; height=&quot;19&quot; enabled=&quot;false&quot; bkimage=&quot;file=&apos;fold.png&apos;&quot;" >
				</TreeNode>
			</TreeView>		
		</HorizontalLayout>
		
		<Control height="15" />
		
		<HorizontalLayout height="22" >
			<Control />
			<Button name="btn_ok" text="确 定" textcolor="#FFFFFFFF" width="74" normalimage="rebutton_nor.png" hotimage="rebutton_hot.png" />
			<Control width="8" />
			<Button name="btn_Cancel" text="取 消" textcolor="#FFFFFFFF" width="74" normalimage="rebutton_nor.png" hotimage="rebutton_hot.png" />
			<Control width="15" />
		</HorizontalLayout>

	  
		
		    

    </VerticalLayout>
	
	
</Window>
