<?xml version="1.0" encoding="utf-8" standalone="yes" ?>
<Window size="590,318" caption="40,0,0,40" roundcorner="5,5" >
  <!--0--> <Font name="微软雅黑" size="18" bold="false" italic="false" />
  <!--1--> <Font name="微软雅黑" size="14" bold="false" italic="false" />
  <!--2--> <Font name="微软雅黑" size="12" bold="false" italic="false" default="true"/>  
  <!--3--> <Font name="微软雅黑" size="16" bold="false" italic="false" /> 

   <Include source="scrollbar.xml" />

    <VerticalLayout bkimage="界面背景.png">  
	  
	  <HorizontalLayout height="60" >
		<Control width="10" />
		<Label bkimage="界面logo.png" width="33" height="32" padding="0,14,0,0" />
		<Control width="6" />
		<Label name="title" text="守密者" textcolor="#FFFFFFFF" font="3" />		
		<Control />
		<Button name="minbtn" height="16" width="16" normalimage="file='最小化.png' source='0,0,16,16'" hotimage="file='最小化.png' source='16,0,32,16'" padding="0,20,0,0" />
		<Control width="15" />
		<Button name="closebtn" height="16" width="16" normalimage="file='关闭.png' source='0,0,16,16'" hotimage="file='关闭.png' source='32,0,48,16'" padding="0,20,0,0" />
		<Control width="15" />
	  </HorizontalLayout>
	  
	  <HorizontalLayout height="180" >
		<Control width="70" />
		<Control width="130" height="130" bkimage="file='退出.png'" padding="0,25,0,0"/>
		<Control width="10" />
		<VerticalLayout >
			<Control />
			<Label text="有文件被占用，强行退出可能损坏文件" font="0" height="20"/>
			<Control height="10"/>
			<Label text="的完整性，确定强行退出？" font="0" height="20"/>
			<Control />
		</VerticalLayout>
		<Control width="70" />	  
	  </HorizontalLayout>
	  
	  <Control height="10" />
	  
	  <HorizontalLayout height="42" >
		<Control />
		<Button name="btn_ok" width="160" text="确  定" font="0" textcolor="FF189EDB" hottextcolor="#FFFFFFFF" pushedtextcolor="FF189EDB" normalimage="file='按钮.png' source='0,0,160,42'" hotimage="file='按钮.png' source='160,0,320,42'" />
		<Control width="10"/>
		<Button name="closebtn" width="160" text="取 消" font="0" textcolor="FF189EDB" hottextcolor="#FFFFFFFF" pushedtextcolor="FF189EDB" normalimage="file='按钮.png' source='0,0,160,42'" hotimage="file='按钮.png' source='160,0,320,42'" />
		<Control />
	  </HorizontalLayout>

    </VerticalLayout>
	
	
</Window>
