<?xml version="1.0" encoding="utf-8" standalone="yes" ?>
<Window size="590,318" caption="40,0,0,40" roundcorner="5,5" >
  <!--0--> <Font name="微软雅黑" size="18" bold="false" italic="false" />
  <!--1--> <Font name="微软雅黑" size="14" bold="false" italic="false" />
  <!--2--> <Font name="微软雅黑" size="12" bold="false" italic="false" />  


    <VerticalLayout bkimage="界面背景.png">
      <Control height="12" />
	  
	  <HorizontalLayout height="33" >
		<Control width="12" />
		<Control bkimage="界面logo.png" width="32" />
		<Control width="10" />
		<Label text="守密者" textcolor="#FFFFFFFF" font="0" />		
		<Button name="btn_close" height="16" width="16" normalimage="file='关闭.png' source='0,0,16,16'" hotimage="file='关闭.png' source='32,0,48,16'" />
		<Control width="20" />
	  </HorizontalLayout>
	  
	  <Control height="40" />
	  
	  <HorizontalLayout height="130" >
		<Control width="50" />
		<Control width="130" bkimage="退出安装.png" />
		<Control width="5" />
		<Label text="程序正在安装中，您是否确定要退出安装?" font="0" textcolor="#FFFF0000" align="center"/>
		<Control width="30" />
	  </HorizontalLayout>
	  
	  <Control />
	  
	  <HorizontalLayout height="42" >
		<Control />
		<Button name="btn_ok" width="160" text="确 定" font="0" normalimage="file='按钮.png' source='0,0,160,42'" hotimage="file='按钮.png' source='160,0,320,42'" />
		<Control width="10" /> 
		<Button name="btn_cancel" width="160" text="取 消" font="0" normalimage="file='按钮.png' source='0,0,160,42'" hotimage="file='按钮.png' source='160,0,320,42'" />
		<Control />
	  </HorizontalLayout>
	  
	  <Control height="20" />
		    

    </VerticalLayout>
	
	
</Window>
